,Datetime,Tweet Id,Text
0,2020-06-07 16:07:08,1269662183371177985,"RT @AmitShah: ‡§ï‡§æ‡§Ç‡§ó‡•ç‡§∞‡•á‡§∏ ‡§®‡•á 60‡§∏‡§æ‡§≤ ‡§§‡§ï ‡§¨‡§∏ ‡§ó‡§∞‡•Ä‡§¨‡•Ä ‡§π‡§ü‡§æ‡§ì ‡§ï‡§æ ‡§®‡§æ‡§∞‡§æ ‡§¶‡§ø‡§Ø‡§æ‡•§

‡§≤‡•á‡§ï‡§ø‡§® ‡§Æ‡•ã‡§¶‡•Ä ‡§ú‡•Ä ‡§®‡•á,

‚Ä¢ 50‡§ï‡§∞‡•ã‡§°‡§º ‡§≤‡•ã‡§ó‡•ã‡§Ç ‡§ï‡•ã ‡§∏‡•ç‡§µ‡§æ‡§∏‡•ç‡§•‡•ç‡§Ø ‡§¨‡•Ä‡§Æ‡§æ,
‚Ä¢ 8 ‡§ï‡§∞‡•ã‡§°‡§º ‡§ï‡•ã ‡§ó‡•à‡§∏,
‚Ä¢ 2‚Ä¶"
1,2020-06-07 16:07:01,1269662156687097857,"RT @AmitShah: ‡§≠‡§æ‡§ú‡§™‡§æ ‡§≤‡•ã‡§ï‡§§‡§Ç‡§§‡•ç‡§∞, ‡§ú‡§®‡§∏‡§Ç‡§™‡§∞‡•ç‡§ï ‡§î‡§∞ ‡§ú‡§®‡§∏‡§Ç‡§µ‡§æ‡§¶ ‡§Æ‡•á‡§Ç ‡§µ‡§ø‡§∂‡•ç‡§µ‡§æ‡§∏ ‡§∞‡§ñ‡§§‡•Ä‡•§

‡§Ø‡•á ‡§µ‡§∞‡•ç‡§ö‡•Å‡§Ö‡§≤ ‡§∞‡•à‡§≤‡•Ä ‡§ú‡§®‡§§‡§æ ‡§ï‡•ã ‡§ï‡•ã‡§∞‡•ã‡§®‡§æ ‡§ï‡•á ‡§µ‡§ø‡§∞‡•Å‡§¶‡•ç‡§ß ‡§ú‡§Ç‡§ó ‡§Æ‡•á‡§Ç ‡§ú‡•ã‡§°‡§º‡§®‡•á ‡§î‡§∞ ‡§â‡§®‡§ï‡•á ‡§π‡•å‡§∏‡§≤‡•á‚Ä¶"
2,2020-06-06 06:01:16,1269147325571588097,Shri Ved Marwah Ji will be remembered for his rich contributions to public life. His unwavering courage always stoo‚Ä¶ https://t.co/uUyZ58iBIy
3,2020-06-05 14:28:30,1268912585790951424,"Rwanda is, and will remain, an important pillar of India's relationship with Africa."
4,2020-06-05 14:28:29,1268912582267678720,"Thank you, my friend President @PaulKagame. 

Rwanda has managed the COVID-19 crisis effectively under your leaders‚Ä¶ https://t.co/9jrdBpmLcC"
5,2020-06-05 03:14:23,1268742941029183488,"Birthday greetings to UP‚Äôs dynamic and industrious CM, Shri @myogiadityanath Ji. Under his leadership the state is‚Ä¶ https://t.co/XnQ3l4XRmJ"
6,2020-06-05 03:10:01,1268741840687120384,"On #WorldEnvironmentDay, we reiterate our pledge to preserve our planet‚Äôs rich biodiversity. Let us collectively do‚Ä¶ https://t.co/Q7qyddQYnW"
7,2020-06-04 17:01:49,1268588780463599617,Addressed #GVS2020. This is a commendable effort to bring together various stakeholders and work to eliminate COVID‚Ä¶ https://t.co/iwQA35U4EP
8,2020-06-04 08:30:00,1268459977078738945,Sad to hear of the demise of Shri Basu Chatterjee. His works are brilliant and sensitive. It touched people's heart‚Ä¶ https://t.co/8KuKYYZNk1
9,2020-06-04 06:54:45,1268436008200175617,"With Comprehensive Strategic Partnership between India and Australia, we aspire to achieve yet new heights in our collaboration."
10,2020-06-04 06:54:44,1268436005692026881,"A new model of India-Australia partnership, a new model of conducting business.

Met my dear friend, PM‚Ä¶ https://t.co/QvfWA8XCM4"
11,2020-06-04 05:33:19,1268415513354358785,At the virtual summit with PM @ScottMorrisonMP. https://t.co/6JIpZRae21
12,2020-06-04 05:04:30,1268408264389275649,"Glad to be joining the first India-Australia Virtual Summit with you, PM @ScottMorrisonMP. 

India-Australia ties h‚Ä¶ https://t.co/o9bULfVeze"
13,2020-06-03 13:06:17,1268167118089891840,I also thanked him for taking care of the safety and security of the Indian community in Mozambique.
14,2020-06-03 13:06:16,1268167115980210178,"Had an excellent talk with H.E. Filipe Nyusi, President of Mozambique on COVID-19 situation. I assured him of India‚Ä¶ https://t.co/i3LdEb1o80"
15,2020-06-03 13:05:00,1268166795992551430,"Farmers (Empowerment and Protection) Agreement on Price Assurance and Farm Services Ordinance, 2020 approved by the‚Ä¶ https://t.co/nwvuAw43di"
16,2020-06-03 13:04:59,1268166793513721856,"Farming Produce Trade and Commerce (Promotion and Facilitation) Ordinance, 2020 will pave the way for the creation‚Ä¶ https://t.co/pniKCj5Iaw"
17,2020-06-03 13:04:59,1268166791089360897,"Farming Produce Trade and Commerce (Promotion and Facilitation) Ordinance, 2020 will nurture an eco-system where fa‚Ä¶ https://t.co/g4NomHdRq4"
18,2020-06-03 13:04:58,1268166788614742017,"Amendment to the Essential Commodities Act will ensure better income for farmers. Furthermore, it would mean lesser‚Ä¶ https://t.co/Waj6lmhOuw"
19,2020-06-03 13:00:34,1268165679640801280,"Today‚Äôs Cabinet decisions will have a very positive impact on rural India, especially our industrious farmers. 

Lo‚Ä¶ https://t.co/lCtPeU8LnW"
20,2020-06-03 12:56:15,1268164593479606272,‡§∏‡§∞‡§ï‡§æ‡§∞ ‡§ï‡•á ‡§´‡•à‡§∏‡§≤‡•ã‡§Ç ‡§∏‡•á ‡§ï‡§ø‡§∏‡§æ‡§®‡•ã‡§Ç ‡§ï‡•ã ‡§â‡§§‡•ç‡§™‡§æ‡§¶‡§® ‡§∏‡•á ‡§™‡§π‡§≤‡•á ‡§π‡•Ä ‡§Æ‡•Ç‡§≤‡•ç‡§Ø ‡§Ü‡§∂‡•ç‡§µ‡§æ‡§∏‡§® ‡§ï‡•Ä ‡§≠‡•Ä ‡§ó‡§æ‡§∞‡§Ç‡§ü‡•Ä ‡§â‡§™‡§≤‡§¨‡•ç‡§ß ‡§π‡•ã‡§ó‡•Ä‡•§ ‡§ï‡•É‡§∑‡§ø ‡§∏‡•á‡§µ‡§æ‡§ì‡§Ç ‡§ï‡•á ‡§ï‡•â‡§®‡•ç‡§ü‡•ç‡§∞‡•à‡§ï‡•ç‡§ü‚Ä¶ https://t.co/X41Wiejj7C
21,2020-06-03 12:56:14,1268164591248306176,"‡§∏‡§∞‡§ï‡§æ‡§∞ ‡§ï‡•á ‡§á‡§® ‡§®‡§ø‡§∞‡•ç‡§£‡§Ø‡•ã‡§Ç ‡§∏‡•á ‡§® ‡§ï‡•á‡§µ‡§≤ ‡§Ö‡§®‡•ç‡§®‡§¶‡§æ‡§§‡§æ‡§ì‡§Ç ‡§ï‡•Ä ‡§Ü‡§Ø ‡§¨‡§¢‡§º‡•á‡§ó‡•Ä, ‡§¨‡§≤‡•ç‡§ï‡§ø ‡§Ü‡§µ‡§∂‡•ç‡§Ø‡§ï ‡§µ‡§∏‡•ç‡§§‡•Å ‡§Ö‡§ß‡§ø‡§®‡§ø‡§Ø‡§Æ ‡§Æ‡•á‡§Ç ‡§∏‡§Ç‡§∂‡•ã‡§ß‡§® ‡§∏‡•á ‡§ï‡•É‡§∑‡§ø ‡§ï‡•ç‡§∑‡•á‡§§‡•ç‡§∞ ‡§Æ‡•á‡§Ç‚Ä¶ https://t.co/zxjbmgoQcU"
22,2020-06-03 12:55:52,1268164497455198216,‡§Ü‡§ú ‡§ï‡•Ä ‡§ï‡•à‡§¨‡§ø‡§®‡•á‡§ü ‡§Æ‡•Ä‡§ü‡§ø‡§Ç‡§ó ‡§Æ‡•á‡§Ç ‡§ï‡§à ‡§¨‡§°‡§º‡•á ‡§î‡§∞ ‡§Æ‡§π‡§§‡•ç‡§µ‡§™‡•Ç‡§∞‡•ç‡§£ ‡§®‡§ø‡§∞‡•ç‡§£‡§Ø ‡§ï‡§ø‡§è ‡§ó‡§è‡•§ ‡§´‡§∏‡§≤‡•ã‡§Ç ‡§ï‡•Ä ‡§ñ‡§∞‡•Ä‡§¶-‡§¨‡§ø‡§ï‡•ç‡§∞‡•Ä ‡§ï‡•ã ‡§≤‡•á‡§ï‡§∞ ‡§∏‡§≠‡•Ä ‡§¨‡§Ç‡§¶‡§ø‡§∂‡•ã‡§Ç ‡§ï‡•ã ‡§π‡§ü‡§æ ‡§¶‡§ø‡§Ø‡§æ‚Ä¶ https://t.co/W2laoUxg8M
23,2020-06-02 15:49:47,1267845879504842752,The richness and depth of India-US consultations will remain an important pillar of the post-COVID global architecture.
24,2020-06-02 15:49:47,1267845876703129601,Had a warm and productive conversation with my friend President @realDonaldTrump. We discussed his plans for the US‚Ä¶ https://t.co/jyQr1PrdXe
25,2020-06-02 11:15:38,1267776884617523202,"The world is looking for a trusted and reliable partner.

India offers potential, strength and ability. 

The Gover‚Ä¶ https://t.co/P9wQtewbSI"
26,2020-06-02 11:15:20,1267776808994271232,MSME is the fuel that will power the success of Aatmanirbhar Bharat. https://t.co/V45ZOPOxdh
27,2020-06-02 11:14:43,1267776654044049409,Harnessing the many opportunities India offers. https://t.co/6OplGZJKgI
28,2020-06-02 11:14:30,1267776602726789120,"Embracing reforms in a systematic, planned manner, with a futuristic outlook. https://t.co/4mBHrKvS87"
29,2020-06-02 11:14:03,1267776486984933376,"Economic growth is our priority. 

Several decisions have been taken that will have short-term as well as long-term‚Ä¶ https://t.co/Iv2YzTRBIe"
30,2020-06-02 11:13:01,1267776228619988993,"Yes, we will definitely get our growth back!

I have faith in India‚Äôs capabilities, crisis management systems, tale‚Ä¶ https://t.co/saP432ruIH"
31,2020-06-02 09:09:54,1267745243727687680,"Took stock of the situation in the wake of cyclone conditions in parts of India‚Äôs western coast. 

Praying for ever‚Ä¶ https://t.co/tPxoVtCxqa"
32,2020-06-02 05:30:27,1267690019612811264,Addressing the #CIIAnnualSession2020. https://t.co/mdsgKAc8IU
33,2020-06-02 03:53:45,1267665681169838082,"‡∞Ü‡∞Ç‡∞ß‡±ç‡∞∞‡∞™‡±ç‡∞∞‡∞¶‡±á‡∞∂‡±ç ‡∞∞‡∞æ‡∞∑‡±ç‡∞ü‡±ç‡∞∞ ‡∞™‡±ç‡∞∞‡∞ú‡∞≤‡∞ï‡±Å ‡∞®‡∞æ ‡∞∂‡±Å‡∞≠‡∞æ‡∞ï‡∞æ‡∞Ç‡∞ï‡±ç‡∞∑‡∞≤‡±Å.  ‡∞ï‡±É‡∞∑‡∞ø ‡∞Æ‡∞∞‡∞ø‡∞Ø‡±Å ‡∞™‡∞ü‡±ç‡∞ü‡±Å‡∞¶‡∞≤, ‡∞à ‡∞∏‡∞Ç‡∞∏‡±ç‡∞ï‡±É‡∞§‡∞ø‡∞ï‡∞ø ‡∞Æ‡∞æ‡∞∞‡±Å ‡∞™‡±á‡∞∞‡±Å. ‡∞¶‡±á‡∞∂ ‡∞™‡±Å‡∞∞‡±ã‡∞≠‡∞ø‡∞µ‡±É‡∞¶‡±ç‡∞ß‡∞ø‡∞≤‡±ã ‡∞à ‡∞∞‡∞æ‚Ä¶ https://t.co/rF7FYZD7Sa"
34,2020-06-02 03:53:31,1267665625876279298,Best wishes to the people of Andhra Pradesh. Hardwork and courage are synonymous with the culture of this land. The‚Ä¶ https://t.co/SwaXKVCgY4
35,2020-06-02 03:52:50,1267665450093039616,‡∞§‡±Ü‡∞≤‡∞Ç‡∞ó‡∞æ‡∞£ ‡∞™‡±ç‡∞∞‡∞ú‡∞≤‡∞ï‡±Å ‡∞∞‡∞æ‡∞∑‡±ç‡∞ü‡±ç‡∞∞‡∞æ‡∞µ‡∞§‡∞∞‡∞£ ‡∞¶‡∞ø‡∞® ‡∞∂‡±Å‡∞≠‡∞æ‡∞ï‡∞æ‡∞Ç‡∞ï‡±ç‡∞∑‡∞≤‡±Å. ‡∞à ‡∞∞‡∞æ‡∞∑‡±ç‡∞ü‡±ç‡∞∞ ‡∞™‡±ç‡∞∞‡∞ú‡∞≤‡±Å ‡∞é‡∞®‡±ç‡∞®‡±ã ‡∞ï‡±ç‡∞∑‡±á‡∞§‡±ç‡∞∞‡∞æ‡∞≤‡±ã ‡∞§‡∞Æ ‡∞™‡±ç‡∞∞‡∞§‡∞ø‡∞≠‡∞®‡±Å ‡∞ö‡∞æ‡∞ü‡±Å‡∞§‡±Å‡∞®‡±ç‡∞®‡∞æ‡∞∞‡±Å. ‡∞¶‡±á‡∞∂ ‡∞™‡±ç‡∞∞‡∞ó‚Ä¶ https://t.co/APGrxfeyHf
36,2020-06-02 03:52:33,1267665379809095681,Greetings to the people of Telangana on their Statehood Day. People from this state are excelling in a wide range o‚Ä¶ https://t.co/LiK7Rk5Lo2
37,2020-06-01 18:16:37,1267520443138756609,Anguished by the demise of Shri KN Lakshmanan Ji. He was at the forefront of serving the people of Tamil Nadu and e‚Ä¶ https://t.co/4yOdwwF3yV
38,2020-06-01 16:27:24,1267492956891746305,"In this difficult time of COVID-19 pandemic, wishing Armenian PM @NikolPashinyan and his family a speedy recovery.‚Ä¶ https://t.co/Q4kGzq7yXX"
39,2020-06-01 14:00:56,1267456099340312578,Addressing a programme organised by SPIC MACAY. https://t.co/riiflyUyi1
40,2020-06-01 13:20:15,1267445859307798528,"PM Street Vendor's AtmaNirbhar Nidhi (PM SVANidhi) is a very special scheme. For the first time, our street vendors‚Ä¶ https://t.co/ASZbScSvkt"
41,2020-06-01 13:20:14,1267445857076432898,"India will prosper when our farmers prosper. Our Government has fulfilled its promise to our hardworking farmers, o‚Ä¶ https://t.co/cyoEyUnF37"
42,2020-06-01 13:20:14,1267445854815703042,MSME sector is of great importance for us. Decisions taken for the MSME sector in today‚Äôs Cabinet meet will draw in‚Ä¶ https://t.co/wg35eMG8Tz
43,2020-06-01 13:18:15,1267445356448460800,"As this Government enters its second year, the Cabinet took important decisions that will have a transformative imp‚Ä¶ https://t.co/IIkqzEKDMU"
44,2020-06-01 13:01:02,1267441025003339782,'‡§ú‡§Ø ‡§ï‡§ø‡§∏‡§æ‡§®' ‡§ï‡•á ‡§Æ‡§Ç‡§§‡•ç‡§∞ ‡§ï‡•ã ‡§Ü‡§ó‡•á ‡§¨‡§¢‡§º‡§æ‡§§‡•á ‡§π‡•Å‡§è ‡§ï‡•à‡§¨‡§ø‡§®‡•á‡§ü ‡§®‡•á ‡§Ö‡§®‡•ç‡§®‡§¶‡§æ‡§§‡§æ‡§ì‡§Ç ‡§ï‡•á ‡§π‡§ï ‡§Æ‡•á‡§Ç ‡§¨‡§°‡§º‡•á ‡§´‡•à‡§∏‡§≤‡•á ‡§ï‡§ø‡§è ‡§π‡•à‡§Ç‡•§ ‡§á‡§®‡§Æ‡•á‡§Ç ‡§ñ‡§∞‡•Ä‡§´ ‡§ï‡•Ä 14 ‡§´‡§∏‡§≤‡•ã‡§Ç ‡§ï‡•á‚Ä¶ https://t.co/q0jMer50bW
45,2020-06-01 13:00:37,1267440919206170624,‡§¶‡•á‡§∂ ‡§Æ‡•á‡§Ç ‡§™‡§π‡§≤‡•Ä ‡§¨‡§æ‡§∞ ‡§∏‡§∞‡§ï‡§æ‡§∞ ‡§®‡•á ‡§∞‡•á‡§π‡§°‡§º‡•Ä-‡§™‡§ü‡§∞‡•Ä ‡§µ‡§æ‡§≤‡•ã‡§Ç ‡§î‡§∞ ‡§†‡•á‡§≤‡•á ‡§™‡§∞ ‡§∏‡§æ‡§Æ‡§æ‡§® ‡§¨‡•á‡§ö‡§®‡•á ‡§µ‡§æ‡§≤‡•ã‡§Ç ‡§ï‡•á ‡§∞‡•ã‡§ú‡§ó‡§æ‡§∞ ‡§ï‡•á ‡§≤‡§ø‡§è ‡§≤‡•ã‡§® ‡§ï‡•Ä ‡§µ‡•ç‡§Ø‡§µ‡§∏‡•ç‡§•‡§æ ‡§ï‡•Ä ‡§π‡•à‡•§ ‚Äò‚Ä¶ https://t.co/OfBIvpu4Wg
46,2020-06-01 13:00:16,1267440828345053186,"‡§Ü‡§§‡•ç‡§Æ‡§®‡§ø‡§∞‡•ç‡§≠‡§∞ ‡§≠‡§æ‡§∞‡§§ ‡§Ö‡§≠‡§ø‡§Ø‡§æ‡§® ‡§ï‡•ã ‡§ó‡§§‡§ø ‡§¶‡•á‡§®‡•á ‡§ï‡•á ‡§≤‡§ø‡§è ‡§π‡§Æ‡§®‡•á ‡§® ‡§ï‡•á‡§µ‡§≤ MSMEs ‡§∏‡•á‡§ï‡•ç‡§ü‡§∞ ‡§ï‡•Ä ‡§™‡§∞‡§ø‡§≠‡§æ‡§∑‡§æ ‡§¨‡§¶‡§≤‡•Ä ‡§π‡•à, ‡§¨‡§≤‡•ç‡§ï‡§ø ‡§á‡§∏‡§Æ‡•á‡§Ç ‡§®‡§à ‡§ú‡§æ‡§® ‡§´‡•Ç‡§Ç‡§ï‡§®‡•á ‡§ï‡•á‚Ä¶ https://t.co/DPrUu3Mjcq"
47,2020-06-01 12:59:37,1267440667229216768,"‡§Ü‡§ú ‡§ï‡•à‡§¨‡§ø‡§®‡•á‡§ü ‡§®‡•á ‡§ï‡§à ‡§Æ‡§π‡§§‡•ç‡§µ‡§™‡•Ç‡§∞‡•ç‡§£ ‡§î‡§∞ ‡§ê‡§§‡§ø‡§π‡§æ‡§∏‡§ø‡§ï ‡§´‡•à‡§∏‡§≤‡•á ‡§≤‡§ø‡§è‡•§ ‡§á‡§®‡§∏‡•á ‡§π‡§Æ‡§æ‡§∞‡•á ‡§Ö‡§®‡•ç‡§®‡§¶‡§æ‡§§‡§æ‡§ì‡§Ç, ‡§Æ‡§ú‡§¶‡•Ç‡§∞‡•ã‡§Ç ‡§î‡§∞ ‡§∂‡•ç‡§∞‡§Æ‡§ø‡§ï‡•ã‡§Ç ‡§ï‡•á ‡§ú‡•Ä‡§µ‡§® ‡§Æ‡•á‡§Ç ‡§¨‡§°‡§º‡•á ‡§∏‡§ï‡§æ‚Ä¶ https://t.co/q0frm3Hn11"
48,2020-06-01 12:41:28,1267436100743598081,"Launched the portal, https://t.co/ZdLkL1rwK5 

This is a one stop place for MSME sector. The focus areas are suppor‚Ä¶ https://t.co/Y6yENehSpx"
49,2020-06-01 08:32:15,1267373381164261376,"‡§µ‡§ø‡§≠‡•Ç‡§∑‡§ø‡§§‡§æ‡§®‡§ô‡•ç‡§ó ‡§∞‡§ø‡§™‡•Ç‡§§‡•ç‡§§‡§Æ‡§æ‡§ô‡•ç‡§ó‡§æ, 
‡§∏‡§¶‡•ç‡§Ø‡§É ‡§ï‡•É‡§§‡§æ‡§®‡•á‡§ï‡§ú‡§®‡§æ‡§∞‡•ç‡§§‡§ø‡§≠‡§ô‡•ç‡§ó‡§æ‡•§
‡§Æ‡§®‡•ã‡§π‡§∞‡•ã‡§§‡•ç‡§§‡•Å‡§ô‡•ç‡§ó‡§ö‡§≤‡§§‡•ç‡§§‡§∞‡§ô‡•ç‡§ó‡§æ, 
‡§ó‡§ô‡•ç‡§ó‡§æ ‡§Æ‡§Æ‡§æ‡§ô‡•ç‡§ó‡§æ‡§®‡•ç‡§Ø‡§Æ‡§≤‡•Ä ‡§ï‡§∞‡•ã‡§§‡•Å‡••

‡§≠‡§æ‡§∞‡§§‡•Ä‚Ä¶ https://t.co/5om33affdL"
50,2020-06-01 06:05:59,1267336572786970625,Addressing the 25th anniversary programme of RGUHS. https://t.co/tCchT1oEgA
51,2020-05-31 10:50:57,1267045897377992704,"‡§≤‡•â‡§ï‡§°‡§æ‡§â‡§® ‡§Æ‡•á‡§Ç ‡§ú‡•Ä‡§µ‡§® ‡§ï‡•Ä ‡§∞‡§´‡•ç‡§§‡§æ‡§∞ ‡§•‡•ã‡§°‡§º‡•Ä ‡§ß‡•Ä‡§Æ‡•Ä ‡§§‡•ã ‡§π‡•Å‡§à ‡§π‡•à, ‡§≤‡•á‡§ï‡§ø‡§® ‡§π‡§Æ‡•á‡§Ç ‡§Ö‡§™‡§®‡•á ‡§Ü‡§∏‡§™‡§æ‡§∏ ‡§™‡•ç‡§∞‡§ï‡•É‡§§‡§ø ‡§ï‡•Ä ‡§∏‡§Æ‡•É‡§¶‡•ç‡§ß ‡§µ‡§ø‡§µ‡§ø‡§ß‡§§‡§æ ‡§ï‡•ã ‡§¶‡•á‡§ñ‡§®‡•á ‡§ï‡§æ ‡§Ö‡§µ‡§∏‡§∞‚Ä¶ https://t.co/QmuFNlWk3X"
52,2020-05-31 10:50:30,1267045786539319299,"Some interesting details about Ayushman Bharat, the world's largest healthcare scheme which has positively impacted‚Ä¶ https://t.co/x8r7rpkbXa"
53,2020-05-31 10:49:53,1267045628304953344,‡§Ö‡§Ç‡§§‡§∞‡•ç‡§∞‡§æ‡§∑‡•ç‡§ü‡•ç‡§∞‡•Ä‡§Ø ‡§Ø‡•ã‡§ó ‡§¶‡§ø‡§µ‡§∏ ‡§ú‡§≤‡•ç‡§¶ ‡§π‡•Ä ‡§Ü‡§®‡•á ‡§µ‡§æ‡§≤‡§æ ‡§π‡•à‡•§ ‡§ï‡•ã‡§∞‡•ã‡§®‡§æ ‡§∏‡§Ç‡§ï‡§ü ‡§ï‡•á ‡§¶‡•å‡§∞‡§æ‡§® ‡§≤‡•ã‡§ó ‡§Ø‡•ã‡§ó ‡§™‡§∞ ‡§î‡§∞ ‡§Ö‡§ß‡§ø‡§ï ‡§ó‡§Ç‡§≠‡•Ä‡§∞‡§§‡§æ ‡§∏‡•á ‡§ß‡•ç‡§Ø‡§æ‡§® ‡§¶‡•á ‡§∞‡§π‡•á ‡§π‡•à‡§Ç‡•§ ‡§π‚Ä¶ https://t.co/jmnjXrowLa
54,2020-05-31 10:49:18,1267045485103087616,‡§ï‡§ø‡§∏‡•Ä ‡§≠‡•Ä ‡§™‡§∞‡§ø‡§∏‡•ç‡§•‡§ø‡§§‡§ø ‡§ï‡•ã ‡§¨‡§¶‡§≤‡§®‡§æ ‡§á‡§ö‡•ç‡§õ‡§æ‡§∂‡§ï‡•ç‡§§‡§ø ‡§ï‡•á ‡§∏‡§æ‡§• ‡§π‡•Ä ‡§¨‡§π‡•Å‡§§ ‡§ï‡•Å‡§õ ‡§á‡§®‡•ã‡§µ‡•á‡§∂‡§® ‡§™‡§∞ ‡§≠‡•Ä ‡§®‡§ø‡§∞‡•ç‡§≠‡§∞ ‡§ï‡§∞‡§§‡§æ ‡§π‡•à‡•§ ‡§∏‡§Ç‡§ï‡§ü ‡§ï‡•Ä ‡§á‡§∏ ‡§ò‡§°‡§º‡•Ä ‡§Æ‡•á‡§Ç ‡§¶‡•á‡§∂‡§µ‡§æ‡§∏‡•Ä‚Ä¶ https://t.co/I9mPdvOG1A
55,2020-05-31 10:48:55,1267045385144426496,"‡§¶‡•á‡§∂‡§µ‡§æ‡§∏‡§ø‡§Ø‡•ã‡§Ç ‡§ï‡•Ä ‡§∏‡§æ‡§Æ‡•Ç‡§π‡§ø‡§ï ‡§∏‡§Ç‡§ï‡§≤‡•ç‡§™‡§∂‡§ï‡•ç‡§§‡§ø ‡§ï‡•á ‡§∏‡§æ‡§• ‡§è‡§ï ‡§î‡§∞ ‡§∂‡§ï‡•ç‡§§‡§ø ‡§á‡§∏ ‡§≤‡§°‡§º‡§æ‡§à ‡§Æ‡•á‡§Ç ‡§π‡§Æ‡§æ‡§∞‡•Ä ‡§∏‡§¨‡§∏‡•á ‡§¨‡§°‡§º‡•Ä ‡§§‡§æ‡§ï‡§§ ‡§π‡•à, ‡§µ‡§π ‡§π‡•à- ‡§¶‡•á‡§∂‡§µ‡§æ‡§∏‡§ø‡§Ø‡•ã‡§Ç ‡§ï‡•Ä ‡§∏‡•á‚Ä¶ https://t.co/oJ7JmONgkQ"
56,2020-05-31 08:14:20,1267006484543606786,"Connected by the Indian Ocean, united by the Indian Samosa!

Looks delicious, PM @ScottMorrisonMP! 

Once we achiev‚Ä¶ https://t.co/GAp0JV9EiG"
57,2020-05-31 06:40:51,1266982958474264578,‡§Ü‡§™ ‡§∏‡§≠‡•Ä ‡§ï‡•ã ‡§Æ‡§π‡•á‡§∂ ‡§®‡§µ‡§Æ‡•Ä ‡§ï‡•Ä ‡§Æ‡§Ç‡§ó‡§≤‡§ï‡§æ‡§Æ‡§®‡§æ‡§è‡§Ç‡•§ ‡§Ø‡§π ‡§™‡§∞‡•ç‡§µ ‡§π‡§Æ‡•á‡§Ç ‡§ú‡§® ‡§ï‡§≤‡•ç‡§Ø‡§æ‡§£ ‡§ï‡•á ‡§≤‡§ø‡§è ‡§™‡•ç‡§∞‡§§‡§ø‡§¨‡§¶‡•ç‡§ß ‡§π‡•ã‡§®‡•á ‡§ï‡•Ä ‡§™‡•ç‡§∞‡•á‡§∞‡§£‡§æ ‡§¶‡•á‡§§‡§æ ‡§π‡•à‡•§ ‡§¶‡•á‡§µ‡•ã‡§Ç ‡§ï‡•á ‡§¶‡•á‡§µ ‡§Æ‚Ä¶ https://t.co/4I1aviJWQU
58,2020-05-31 05:29:57,1266965118505545728,#MannKiBaat May 2020. Tune in. https://t.co/cyDovLkUrm
59,2020-05-30 15:36:25,1266755350138667009,Do tune in tomorrow at 11 AM. #MannKiBaat https://t.co/b71yh2NTox
60,2020-05-30 11:30:04,1266693355427237894,"Best wishes, especially to the Kashmiri Pandit community, on the very special occasion Jyeshtha Ashtami. 

With the‚Ä¶ https://t.co/DQOadpnCSY"
61,2020-05-30 11:24:48,1266692030022815744,"In the times to come, healthcare will assume even greater importance. We in India have been working to create a sys‚Ä¶ https://t.co/9TS8GoVtlo"
62,2020-05-30 11:24:22,1266691921017110528,"Creating next-generation infrastructure for India‚Äôs progress. 

https://t.co/e9Qe5CgCiL"
63,2020-05-30 11:23:24,1266691677965529089,"Being self-reliant in the defence sector is the need of the hour. Here is a perspective on how India is doing it. 

https://t.co/pD7LOOGspD"
64,2020-05-30 11:22:07,1266691355016757248,"India is extremely proud of our farmers. They work day and night to feed the nation. 

We are energising the agricu‚Ä¶ https://t.co/CjNAET5QDU"
65,2020-05-30 11:19:26,1266690680140660737,Was going through some of the articles on the Vikas Yatra section. I commend all the volunteers who have put this s‚Ä¶ https://t.co/MprIuD0ORU
66,2020-05-30 07:48:48,1266637673126490112,"Have a look at the Vikas Yatra, that gives glimpses of our collective journey of development, empowerment and servi‚Ä¶ https://t.co/YzmdXycPs4"
67,2020-05-30 07:40:29,1266635579589984256,Greetings to the people of Goa on the occasion of their Statehood Day. Goa is a land of scenic beauty and warm hear‚Ä¶ https://t.co/hdefUA9m0C
68,2020-05-30 07:39:56,1266635441186332672,"Best wishes to the Chief Minister of Puducherry, Shri @VNarayanasami Ji on his birthday. I pray that he lives a long and healthy life."
69,2020-05-30 04:46:13,1266591721040736256,"‡§π‡§Æ ‡§Ü‡§ó‡•á ‡§¨‡§¢‡§º‡•á‡§Ç‡§ó‡•á, ‡§π‡§Æ ‡§™‡•ç‡§∞‡§ó‡§§‡§ø ‡§™‡§• ‡§™‡§∞ ‡§¶‡•å‡§°‡§º‡•á‡§Ç‡§ó‡•á, ‡§π‡§Æ ‡§µ‡§ø‡§ú‡§Ø‡•Ä ‡§π‡•ã‡§Ç‡§ó‡•á‡•§ 

‡§Æ‡•á‡§∞‡§æ ‡§ë‡§°‡§ø‡§Ø‡•ã ‡§∏‡§Ç‡§¶‡•á‡§∂‚Ä¶ 

https://t.co/PjU92gXVAr"
70,2020-05-30 04:43:18,1266590988476182528,"Expressing gratitude to 130 crore Indians. 

Their blessings are a source of immense strength. üôèüèº

My audio message‚Ä¶ https://t.co/pTnymXl60Z"
71,2020-05-30 04:32:49,1266588349839536128,‡§Ü‡§ú ‡§∏‡•á ‡§è‡§ï ‡§∏‡§æ‡§≤ ‡§™‡§π‡§≤‡•á ‡§≠‡§æ‡§∞‡§§‡•Ä‡§Ø ‡§≤‡•ã‡§ï‡§§‡§Ç‡§§‡•ç‡§∞ ‡§ï‡•á ‡§á‡§§‡§ø‡§π‡§æ‡§∏ ‡§Æ‡•á‡§Ç ‡§è‡§ï ‡§®‡§Ø‡§æ ‡§∏‡•ç‡§µ‡§∞‡•ç‡§£‡§ø‡§Æ ‡§Ö‡§ß‡•ç‡§Ø‡§æ‡§Ø ‡§ú‡•Å‡§°‡§º‡§æ‡•§ ‡§Æ‡•à‡§Ç ‡§á‡§∏ ‡§™‡§§‡•ç‡§∞ ‡§ï‡•á ‡§¶‡•ç‡§µ‡§æ‡§∞‡§æ ‡§Ü‡§™‡§ï‡•á ‡§ö‡§∞‡§£‡•ã‡§Ç ‡§Æ‡•á‡§Ç‚Ä¶ https://t.co/y6B5q0j9oE
72,2020-05-30 04:21:32,1266585512682221572,"Penned a letter to my fellow citizens. 

It takes you through the year gone by and the way ahead.‚Ä¶ https://t.co/2MGeN6ayk7"
73,2020-05-29 16:30:55,1266406676543860737,Anguished by the passing away of Shri Bhanwar Lal Sharma Ji. His role in strengthening the Party in Rajasthan was e‚Ä¶ https://t.co/hVkSRlgDuv
74,2020-05-29 12:05:06,1266339782755377152,Shri Ajit Jogi Ji was passionate about public service. This passion made him work hard as a bureaucrat and as a pol‚Ä¶ https://t.co/WuLezVkzxe
75,2020-05-29 04:38:47,1266227463929004032,Anguished by the passing away of Rajya Sabha MP Shri M.P. Veerendra Kumar Ji. He distinguished himself as an effect‚Ä¶ https://t.co/lqGI1XHJ4O
76,2020-05-28 03:42:07,1265850817690492936,"On his Jayanti, I bow to the courageous Veer Savarkar. We remember him for his bravery, motivating several others t‚Ä¶ https://t.co/nv0ykcNLXx"
77,2020-05-27 16:09:53,1265676611581403142,"Also condoled the sad and untimely demise of Minister A. Thondaman, leader of Indian Origin Tamils in Sri Lanka. Pr‚Ä¶ https://t.co/sal4VgcRi7"
78,2020-05-27 16:09:24,1265676487069331456,Spoke to PM Mahinda Rajapaksa today to greet him on completing 50 years since his first election to the Parliament‚Ä¶ https://t.co/NtORu9nTut
79,2020-05-27 03:00:02,1265477839169531905,"Birthday wishes to our senior Cabinet colleague, Shri @nitin_gadkari Ji. He is working hard to ensure futuristic in‚Ä¶ https://t.co/CwHqSDP78l"
80,2020-05-27 02:59:00,1265477576778113027,"Tributes to our first PM, Pandit Jawaharlal Nehru Ji on his death anniversary."
81,2020-05-27 02:58:05,1265477347869769728,Brilliant rendition! Conveys the message of Vasudhaiva Kutumbakam well. Great effort by those who are a part of thi‚Ä¶ https://t.co/Lhjh8XJVG4
82,2020-05-26 15:42:44,1265307387919061002,Conveyed warm greetings for Eid to His Highness @TamimBinHamad and the people of Qatar. Appreciated His Highness's‚Ä¶ https://t.co/Ury5fPgBdW
83,2020-05-26 15:41:56,1265307186923618309,Conveyed Eid greetings to President @AlsisiOfficial and to the people of Egypt. Also thanked him for the support ex‚Ä¶ https://t.co/8eqfuUU9FE
84,2020-05-26 15:41:37,1265307109228343301,Had a good discussion with President @vanderbellen about the measures adopted by India and Austria to respond to CO‚Ä¶ https://t.co/xH6aRjHKzd
85,2020-05-25 13:42:01,1264914620826841088,Conveyed Eid-ul-Fitr greetings to His Highness @MohamedBinZayed and the friendly people of UAE.  Thanked him for th‚Ä¶ https://t.co/sYyIbir2Dm
86,2020-05-25 13:40:58,1264914357063831552,"Spoke to PM Sheikh Hasina to wish her and the friendly people of Bangladesh, a happy &amp; prosperous Eid-ul-Fitr. We d‚Ä¶ https://t.co/PzFssrLmrt"
87,2020-05-25 06:37:36,1264807813949173760,Padma Shri Balbir Singh Sr. Ji will be remembered for his memorable sporting performances. He brought home lots of‚Ä¶ https://t.co/hnCEqnuffx
88,2020-05-25 01:29:48,1264730352498556928,"Eid Mubarak! 

Greetings on Eid-ul-Fitr. May this special occasion further the spirit of compassion, brotherhood an‚Ä¶ https://t.co/GN0jU8hXiG"
89,2020-05-24 06:26:31,1264442636900823040,Birthday wishes to Kerala CM Shri @vijayanpinarayi Ji on his birthday. May he be blessed with good health and a long life.
90,2020-05-23 09:01:13,1264119180653019137,"Our people share warm and special ties, based on shared culture and values. Indians will stand by their Mauritian b‚Ä¶ https://t.co/3XpNDDfrzp"
91,2020-05-23 09:01:12,1264119178211946502,"Thank you, Prime Minister @PKJugnauth for our warm conversation today! Congratulations for successfully controlling COVID-19 in Mauritius."
92,2020-05-23 09:00:34,1264119016542531584,"We agreed to accelerate Indian-assisted development projects in Sri Lanka, and also strengthen investment links."
93,2020-05-23 09:00:32,1264119009928073216,Had an excellent talk with President @GotabayaR.  Sri Lanka is fighting COVID-19 effectively under his leadership.‚Ä¶ https://t.co/teEjcKD3LI
94,2020-05-22 17:02:16,1263877854787276800,Anguished by the demise of former MP Dr. Nepal Singh Ji. He would be remembered for his numerous community service‚Ä¶ https://t.co/0K9L8oJeUE
95,2020-05-22 15:07:02,1263848854383849477,‡¨ì‡¨°‡¨ø‡¨∂‡¨æ‡¨∞‡≠á ‡¨Æ‡¨π‡¨æ‡¨¨‡¨æ‡¨§‡≠ç‡≠ü‡¨æ‡¨∞ ‡¨¨‡¨ø‡¨≠‡¨ø‡¨®‡≠ç‡¨® ‡¨¶‡¨ø‡¨ó ‡¨â‡¨™‡¨∞‡≠á ‡¨∏‡¨Æ‡≠Ä‡¨ï‡≠ç‡¨∑‡¨æ ‡¨ï‡¨≤‡¨ø  ‡•§ ‡¨∞‡¨æ‡¨ú‡≠ç‡≠ü‡¨∞ ‡¨¨‡¨ø‡¨™‡¨∞‡≠ç‡¨Ø‡≠ç‡≠ü‡≠ü ‡¨™‡¨∞‡¨ø‡¨ö‡¨æ‡¨≥‡¨®‡¨æ‡¨∞  ‡¨∏‡≠Å‡¨™‡≠ç‡¨∞‡¨§‡¨ø‡¨∑‡≠ç‡¨†‡¨ø‡¨§ ‡¨™‡≠ç‡¨∞‡¨ï‡≠ç‡¨∞‡¨ø‡≠ü‡¨æ ‡¨Ö‡¨®‡≠á‡¨ï ‡¨ú‡≠Ä‡¨¨‡¨® ‡¨¨‚Ä¶ https://t.co/Wsrp3vLcaa
96,2020-05-22 15:03:54,1263848064592183298,"‡¶Ü‡¶Æ‡¶™‡¶æ‡¶®‡ßá‡¶∞ ‡¶™‡ßç‡¶∞‡¶ï‡ßã‡¶™‡ßá ‡¶Ø‡¶æ‡¶∞‡¶æ ‡¶™‡ßç‡¶∞‡¶ø‡¶Ø‡¶º‡¶ú‡¶®‡¶ï‡ßá ‡¶π‡¶æ‡¶∞‡¶ø‡¶Ø‡¶º‡ßá‡¶õ‡ßá‡¶®, ‡¶§‡¶æ‡¶¶‡ßá‡¶∞ ‡¶™‡ßç‡¶∞‡¶§‡¶ø ‡¶Ü‡¶Æ‡¶æ‡¶∞ ‡¶Ü‡¶®‡ßç‡¶§‡¶∞‡¶ø‡¶ï ‡¶∏‡¶Æ‡¶¨‡ßá‡¶¶‡¶®‡¶æ‡•§

‡¶∞‡¶æ‡¶ú‡¶æ ‡¶∞‡¶æ‡¶Æ‡¶Æ‡ßã‡¶π‡¶® ‡¶∞‡¶æ‡¶Ø‡¶º‡ßá‡¶∞ ‡¶ú‡¶®‡ßç‡¶Æ‡¶¨‡¶æ‡¶∞‡ßç‡¶∑‡¶ø‡¶ï‡ßÄ ‡¶Ü‡¶ú‡•§‚Ä¶ https://t.co/iH4LxeRBp3"
97,2020-05-22 15:02:46,1263847781094944768,"‡¶™‡¶∂‡ßç‡¶ö‡¶ø‡¶Æ ‡¶¨‡¶ô‡ßç‡¶ó‡ßá‡¶∞ ‡¶Ü‡¶Æ‡¶™‡¶æ‡¶®- ‡¶¨‡¶ø‡¶ß‡ßç‡¶¨‡¶∏‡ßç‡¶§ ‡¶Ö‡¶û‡ßç‡¶ö‡¶≤ ‡¶Ü‡¶ï‡¶æ‡¶∂ ‡¶™‡¶•‡ßá ‡¶™‡¶∞‡ßç‡¶Ø‡¶¨‡ßá‡¶ï‡ßç‡¶∑‡¶£ ‡¶ï‡¶∞‡¶≤‡¶æ‡¶Æ‡•§ 

‡¶ò‡ßÇ‡¶∞‡ßç‡¶£‡¶ø ‡¶ù‡¶°‡¶º‡ßá ‡¶ï‡ßç‡¶∑‡¶§‡¶ø‡¶ó‡ßç‡¶∞‡¶∏‡ßç‡¶§‡¶¶‡ßá‡¶∞
‡¶§‡ßç‡¶∞‡¶æ‡¶£, ‡¶™‡ßÅ‡¶®‡¶∞‡ßç‡¶¨‡¶æ‡¶∏‡¶® ‡¶è‡¶¨‡¶Ç ‡¶™‡ßÅ‚Ä¶ https://t.co/ZeYSpwmWez"
98,2020-05-22 15:00:36,1263847233742532608,The nation stands in solidarity with our sisters and brothers in West Bengal and Odisha. The Central Government ass‚Ä¶ https://t.co/PAq0W9uwnG
99,2020-05-22 14:59:57,1263847072739934209,Went to West Bengal and Odisha to review the situation caused by the super cyclone. Conducted an aerial survey and‚Ä¶ https://t.co/8B200ty5Ma
100,2020-05-22 12:54:23,1263815469145788416,Deeply saddened by the loss of life due to a plane crash in Pakistan. Our condolences to the families of the deceas‚Ä¶ https://t.co/BngwDOLJDo
101,2020-05-22 07:32:53,1263734564838465538,Speaking on the situation in the wake of Cyclone Amphan. https://t.co/asWXOfFwff
102,2020-05-21 08:20:37,1263384187949608961,NDRF teams are working in the cyclone affected parts. Top officials are closely monitoring the situation and also w‚Ä¶ https://t.co/hkeg2SAPx3
103,2020-05-21 08:20:08,1263384064616103937,"Have been seeing visuals from West Bengal on the devastation caused by Cyclone Amphan. In this challenging hour, th‚Ä¶ https://t.co/uBMVZeoePU"
104,2020-05-21 08:19:37,1263383936706572288,My thoughts are with the people of Odisha as the state bravely battles the effects of Cyclone Amphan. Authorities a‚Ä¶ https://t.co/OPUypzkHf4
105,2020-05-21 03:22:48,1263309240875102208,"On his death anniversary, tributes to former PM Shri Rajiv Gandhi."
106,2020-05-20 15:36:10,1263131409390227457,"During today‚Äôs Cabinet meeting, important decisions were taken which are focused on welfare of migrants, poor, seni‚Ä¶ https://t.co/26fGfCkhJs"
107,2020-05-20 15:35:03,1263131126316568576,Pradhan Mantri Matsya Sampada Yojana will revolutionise the fisheries sector. It will invigorate it with latest tec‚Ä¶ https://t.co/1hzE81jIbn
108,2020-05-20 15:30:49,1263130061265305603,Important decision of the Cabinet that will contribute to a vibrant food processing sector. It will also strengthen‚Ä¶ https://t.co/IRudpg1mk7
109,2020-05-20 03:01:11,1262941410497630209,"During my official tours, I would interact with Ayushman Bharat beneficiaries. Sadly, that is not possible these da‚Ä¶ https://t.co/cwRnrodD3G"
110,2020-05-20 02:58:40,1262940780064313344,One of the biggest benefits of Ayushman Bharat is portability. Beneficiaries can get top quality and affordable med‚Ä¶ https://t.co/8qhVRq87vb
111,2020-05-20 02:56:45,1262940294305071104,"I appreciate our doctors, nurses, healthcare workers and all others associated with Ayushman Bharat. Their efforts‚Ä¶ https://t.co/yarwe1KFHn"
112,2020-05-20 02:56:06,1262940130576302082,It would make every Indian proud that the number of Ayushman Bharat beneficiaries has crossed 1 crore. In less than‚Ä¶ https://t.co/R2XvJQtd7R
113,2020-05-18 13:00:41,1262367505735016449,Reviewed the preparedness regarding the situation due to cyclone ‚ÄòAmphan.‚Äô The response measures as well as evacuat‚Ä¶ https://t.co/PhB2U73mfo
114,2020-05-18 03:22:34,1262222017526284288,"I look forward to your ideas and inputs for this month‚Äôs #MannKiBaat, which will take place on the 31st. You can:‚Ä¶ https://t.co/Xic44e6IjP"
115,2020-05-18 03:21:31,1262221751594827777,Greetings to Union Minister Shri @TCGEHLOT Ji on his birthday. May Almighty bless him with a long and healthy life.
116,2020-05-18 03:21:01,1262221627179200513,Birthday wishes to our former PM Shri @H_D_Devegowda Ji. Praying for his long life and good health.
117,2020-05-17 15:30:26,1262042801191206914,‡§Ø‡§π ‡§ó‡•Ä‡§§ ‡§π‡§∞ ‡§ï‡§ø‡§∏‡•Ä ‡§ï‡•ã ‡§â‡§§‡•ç‡§∏‡§æ‡§π‡§ø‡§§ ‡§î‡§∞ ‡§™‡•ç‡§∞‡•á‡§∞‡§ø‡§§ ‡§ï‡§∞‡§®‡•á ‡§µ‡§æ‡§≤‡§æ ‡§π‡•à‡•§ ‡§á‡§∏‡§Æ‡•á‡§Ç ‡§Ü‡§§‡•ç‡§Æ‡§®‡§ø‡§∞‡•ç‡§≠‡§∞ ‡§≠‡§æ‡§∞‡§§ ‡§ï‡•á ‡§≤‡§ø‡§è ‡§∏‡•Å‡§∞‡•ã‡§Ç ‡§∏‡•á ‡§∏‡§ú‡§æ ‡§â‡§¶‡•ç‡§ò‡•ã‡§∑ ‡§π‡•à‡•§ https://t.co/N6qy4BaCfI
118,2020-05-17 14:19:50,1262025037349105665,Mazel Tov my friend @netanyahu for forming your fifth government in Israel. I wish you and @gantzbe success and loo‚Ä¶ https://t.co/gjjuGyxuNX
119,2020-05-17 14:19:27,1262024940959805442,◊û◊ñ◊ú ◊ò◊ï◊ë ◊ô◊ì◊ô◊ì◊ô @netanyahu ◊¢◊ú ◊î◊ß◊û◊™ ◊î◊û◊û◊©◊ú◊î ◊î◊ó◊û◊ô◊©◊ô◊™ ◊ë◊ô◊©◊®◊ê◊ú. ◊ê◊†◊ô ◊û◊ê◊ó◊ú ◊ú◊ö ◊ï◊ú@gantzbe ◊î◊¶◊ú◊ó◊î ◊®◊ë◊î ◊ï◊û◊¶◊§◊î ◊ú◊î◊û◊©◊ö ◊©◊ô◊™◊ï◊£ ◊§◊¢◊ï◊ú◊î ◊î◊ì‚Ä¶ https://t.co/6GCXCN5Nob
120,2020-05-17 11:19:23,1261979625393205251,Measures and reforms announced by the FM today will have a transformative impact on our health and education sector‚Ä¶ https://t.co/KqlAwrDKQC
121,2020-05-16 14:28:13,1261664756701655041,"Important sectors such as coal, minerals, defence, aviation, space and atomic energy have been covered in the annou‚Ä¶ https://t.co/vMtHrhDr8q"
122,2020-05-16 08:55:52,1261581118458888192,"Thank you @POTUS @realDonaldTrump. 

This pandemic is being fought collectively by all of us. In such times, it‚Äôs a‚Ä¶ https://t.co/X67cYw8PzW"
123,2020-05-16 08:54:34,1261580792414662657,"Greetings on Sikkim‚Äôs Statehood Day. Home to talented and compassionate people, Sikkim has enriched national progre‚Ä¶ https://t.co/RNzYma8gVP"
124,2020-05-16 05:08:20,1261523857237667840,‡§â‡§§‡•ç‡§§‡§∞ ‡§™‡•ç‡§∞‡§¶‡•á‡§∂ ‡§ï‡•á ‡§î‡§∞‡•à‡§Ø‡§æ ‡§Æ‡•á‡§Ç ‡§∏‡§°‡§º‡§ï ‡§¶‡•Å‡§∞‡•ç‡§ò‡§ü‡§®‡§æ ‡§¨‡•á‡§π‡§¶ ‡§π‡•Ä ‡§¶‡•Å‡§ñ‡§¶ ‡§π‡•à‡•§ ‡§∏‡§∞‡§ï‡§æ‡§∞ ‡§∞‡§æ‡§π‡§§ ‡§ï‡§æ‡§∞‡•ç‡§Ø ‡§Æ‡•á‡§Ç ‡§§‡§§‡•ç‡§™‡§∞‡§§‡§æ ‡§∏‡•á ‡§ú‡•Å‡§ü‡•Ä ‡§π‡•à‡•§ ‡§á‡§∏ ‡§π‡§æ‡§¶‡§∏‡•á ‡§Æ‡•á‡§Ç ‡§Æ‡§æ‡§∞‡•á‚Ä¶ https://t.co/2F3mGcsJuV
125,2020-05-15 15:22:11,1261315951758389249,"I welcome today‚Äôs measures announced by FM @nsitharaman. They will help the rural economy, our hardworking farmers,‚Ä¶ https://t.co/0SYOWZEA8T"
126,2020-05-15 09:12:02,1261222798195781637,"Sectors like medical research, clean energy and climate resilience offer great opportunities to bring Danish and In‚Ä¶ https://t.co/fzX19KRVAB"
127,2020-05-15 09:12:01,1261222793695223808,"Spoke to PM @Statsmin about the COVID-19 pandemic, and how India and Denmark can strengthen cooperation in the post-COVID era."
128,2020-05-14 17:14:00,1260981700672147457,Had an extensive interaction with @BillGates. We discussed issues ranging from India‚Äôs efforts to fight Coronavirus‚Ä¶ https://t.co/kWPu6eAKK4
129,2020-05-14 13:41:45,1260928289125724163,Today‚Äôs announcements by FM @nsitharaman will especially benefit our farmers and migrant workers. The announcements‚Ä¶ https://t.co/G6JlGEwLkQ
130,2020-05-13 13:16:50,1260559627982442497,"Today‚Äôs announcements by FM @nsitharaman will go a long way in addressing issues faced by businesses, especially MS‚Ä¶ https://t.co/UJ05YOXpmL"
131,2020-05-12 16:23:11,1260244139142086657,"The way ahead lies in LOCAL.

Local Manufacturing. 

Local Markets. 

Local Supply Chain.

Local is not merely a ne‚Ä¶ https://t.co/yeXviXtY0h"
132,2020-05-12 16:22:13,1260243893498466309,‡§è‡§ï ‡§µ‡§ø‡§∂‡•á‡§∑ ‡§Ü‡§∞‡•ç‡§•‡§ø‡§ï ‡§™‡•à‡§ï‡•á‡§ú ‡§ú‡•ã ‚Äò‡§Ü‡§§‡•ç‡§Æ‡§®‡§ø‡§∞‡•ç‡§≠‡§∞ ‡§≠‡§æ‡§∞‡§§ ‡§Ö‡§≠‡§ø‡§Ø‡§æ‡§®‚Äô ‡§ï‡•Ä ‡§Ö‡§π‡§Æ ‡§ï‡§°‡§º‡•Ä ‡§ï‡•á ‡§§‡•å‡§∞ ‡§™‡§∞ ‡§ï‡§æ‡§Æ ‡§ï‡§∞‡•á‡§ó‡§æ‡•§ #AatmanirbharBharat https://t.co/59HERWpwJ4
133,2020-05-12 16:21:35,1260243737801666561,"‡§Ü‡§§‡•ç‡§Æ‡§®‡§ø‡§∞‡•ç‡§≠‡§∞ ‡§≠‡§æ‡§∞‡§§ ‡§ï‡•Ä ‡§Ø‡§π ‡§≠‡§µ‡•ç‡§Ø ‡§á‡§Æ‡§æ‡§∞‡§§, ‡§á‡§® ‡§™‡§æ‡§Ç‡§ö ‡§™‡§ø‡§≤‡§∞‡•ç‡§∏ ‡§™‡§∞ ‡§ñ‡§°‡§º‡•Ä ‡§π‡•ã‡§ó‡•Ä... #AatmanirbharBharat https://t.co/CmXdgEu3No"
134,2020-05-12 16:21:04,1260243604125052929,"I cannot forget Kutch in 2001. The devastating quake destroyed a lot but never the determination of the people. 

I‚Ä¶ https://t.co/k10fXTFOK0"
135,2020-05-12 16:20:03,1260243350726164481,The post COVID-19 era will bring with it several opportunities and India's track record convinces me we will rise t‚Ä¶ https://t.co/gwlAxduyJ1
136,2020-05-12 16:18:40,1260243003479748611,‡§µ‡§ø‡§∂‡•ç‡§µ ‡§ï‡•Ä ‡§Ü‡§ú ‡§ï‡•Ä ‡§∏‡•ç‡§•‡§ø‡§§‡§ø ‡§π‡§Æ‡•á‡§Ç ‡§∏‡§ø‡§ñ‡§æ‡§§‡•Ä ‡§π‡•à ‡§ï‡§ø ‡§Ü‡§ó‡•á ‡§ï‡§æ ‡§Æ‡§æ‡§∞‡•ç‡§ó ‡§π‡•à- ‚Äú‡§Ü‡§§‡•ç‡§Æ‡§®‡§ø‡§∞‡•ç‡§≠‡§∞ ‡§≠‡§æ‡§∞‡§§‚Äù! #AatmanirbharBharat https://t.co/rLYl3PpNBV
137,2020-05-12 16:17:49,1260242787275956224,"‡§è‡§ï ‡§µ‡§æ‡§Ø‡§∞‡§∏ ‡§®‡•á ‡§¶‡•Å‡§®‡§ø‡§Ø‡§æ ‡§ï‡•ã ‡§§‡§π‡§∏-‡§®‡§π‡§∏ ‡§ï‡§∞ ‡§¶‡§ø‡§Ø‡§æ‡•§

‡§≤‡•á‡§ï‡§ø‡§® ‡§•‡§ï‡§®‡§æ, ‡§π‡§æ‡§∞‡§®‡§æ, ‡§ü‡•Ç‡§ü‡§®‡§æ-‡§¨‡§ø‡§ñ‡§∞‡§®‡§æ, ‡§Æ‡§æ‡§®‡§µ ‡§ï‡•ã ‡§Æ‡§Ç‡§ú‡•Ç‡§∞ ‡§®‡§π‡•Ä‡§Ç ‡§π‡•à‡•§

We will not be def‚Ä¶ https://t.co/DReVaDmQmC"
138,2020-05-12 14:30:05,1260215676976820224,Addressing the nation. https://t.co/Hingkddia3
139,2020-05-12 09:20:07,1260137669603946498,"Inspired by Florence Nightingale, our hardworking nursing staff personify abundant compassion. Today, we also reite‚Ä¶ https://t.co/TuxP7zHoFZ"
140,2020-05-12 09:19:06,1260137415441707009,International Day of the Nurse is a special day to express gratitude to the phenomenal nurses working round the clo‚Ä¶ https://t.co/MxdTcHhsH2
141,2020-05-12 03:16:54,1260046264554500096,Greetings to Tamil Nadu CM Thiru Edappadi K. Palaniswami Ji on his birthday. May Almighty bless him with good healt‚Ä¶ https://t.co/vwaRT3rp67
142,2020-05-11 17:17:00,1259895292259794951,"Had an extensive meeting with CMs. Each CM shared their perspective on battling COVID-19. 

We discussed the way ah‚Ä¶ https://t.co/53g7cuCHrP"
143,2020-05-11 02:24:35,1259670710869348352,"Today, technology is helping many in the efforts to make the world free from COVID-19. I salute all those at the fo‚Ä¶ https://t.co/DYNeGjce0p"
144,2020-05-11 02:22:58,1259670302042189825,"The tests in Pokhran in 1998 also showed the difference a strong political leadership can make. 

Here is what I ha‚Ä¶ https://t.co/OwgPYfCjG3"
145,2020-05-11 02:20:52,1259669775375949825,"On National Technology Day, our nation salutes all those who are leveraging technology to bring a positive differen‚Ä¶ https://t.co/UipA06StqO"
146,2020-05-09 10:17:48,1259065025026830336,"India stands with Russia in solemn remembrance today, on the 75th Anniversary of Victory Day. Tens of thousands of‚Ä¶ https://t.co/HOZOcoI2Ru"
147,2020-05-09 04:58:43,1258984722895691777,"‡§≠‡§æ‡§∞‡§§ ‡§Æ‡§æ‡§§‡§æ ‡§ï‡•á ‡§Æ‡§π‡§æ‡§® ‡§∏‡§™‡•Ç‡§§ ‡§Æ‡§π‡§æ‡§∞‡§æ‡§£‡§æ ‡§™‡•ç‡§∞‡§§‡§æ‡§™ ‡§ï‡•ã ‡§â‡§®‡§ï‡•Ä ‡§ú‡§Ø‡§Ç‡§§‡•Ä ‡§™‡§∞ ‡§ï‡•ã‡§ü‡§ø-‡§ï‡•ã‡§ü‡§ø ‡§®‡§Æ‡§®‡•§ ‡§¶‡•á‡§∂‡§™‡•ç‡§∞‡•á‡§Æ, ‡§∏‡•ç‡§µ‡§æ‡§≠‡§ø‡§Æ‡§æ‡§® ‡§î‡§∞ ‡§™‡§∞‡§æ‡§ï‡•ç‡§∞‡§Æ ‡§∏‡•á ‡§≠‡§∞‡•Ä ‡§â‡§®‡§ï‡•Ä ‡§ó‡§æ‚Ä¶ https://t.co/zfilOFn5pb"
148,2020-05-09 04:58:13,1258984598308032512,"Remembering Gopal Krishna Gokhale on his birth anniversary. A remarkable personality blessed with immense wisdom, h‚Ä¶ https://t.co/A73MvEXZjY"
149,2020-05-08 14:51:52,1258771607989841923,Conveyed my deep condolences to PM @GiuseppeConteIT for the loss of lives in Italy due to COVID-19. India and Italy‚Ä¶ https://t.co/FTQIQmexDp
